<?xml version="1.0" encoding="UTF-8"?><configuration name="Student">
		<jmsRealms>
			<jmsRealm datasourceName="jdbc/ibis4education" realmName="jdbc"/>
		</jmsRealms>
		<module>
			<adapter name="Student">
				<receiver className="nl.nn.adapterframework.receivers.GenericReceiver" name="HelloWorld">
					<listener className="nl.nn.adapterframework.receivers.JavaListener" name="HelloWorld"/>
				</receiver>
				<pipeline firstPipe="HelloWorld">
					<exits>
						<exit path="EXIT" state="success"/>
					</exits>
					<pipe className="nl.nn.adapterframework.pipes.FixedResult" name="HelloWorld" returnString="Hello World">
						<forward name="success" path="EXIT"/>
					</pipe>
				</pipeline>
			</adapter>
		</module>
	</configuration>